Person ID	First Name	Last Name	Sex	Year	Institution
sperberg-mc-queen_michael	Michael	Sperberg-McQueen		2020	black-mesa-technologies
bloomfield_camille	Camille	Bloomfield		2023	uni-paris-cite
tadier_elsa	Elsa	Tadier		2023	uni-paris-cite
ysebaert_ronan	Ronan	Ysebaert		2023	uni-paris-cite
flipo_fabrice	Fabrice	Flipo		2023	uni-paris-cite
ritz_olivier	Olivier	Ritz		2022	uni-paris-cite
stoehr_thierry	Thierry	Stœhr		2022	uni-paris-cite
poulain_pierre	Pierre	Poulain		2022	uni-paris-cite
goerres_daniel	Daniel	Görres		2024	fh-koeln
klusik-eckert_jacqueline	Jacqueline	Klusik-Eckert		2023	uni-duesseldorf
timpf_sabine	Sabine	Timpf		2023	uni-augsburg
pfeifer_michelle	Michelle	Pfeifer		2023	uni-dresden
ehrl_franziska	Franziska	Ehrl		2023	library-uni-heidelberg
hiltmann_torsten	Torsten	Hiltmann		2022	uni-hu-berlin
goldhahn_dirk	Dirk	Goldhahn		2022	adw-leipzig
naether_franziska	Claudia	Bamberg		2022	adw-leipzig
bamberg_claudia	Claudia	Bamberg		2022	uni-trier
keupp_jan	Jan	Keupp		2022	uni-muenster
carlson_rebecca	Rebecca	Carlson		2023	uni-toyo
fortun_mike	Mike	Fortun		2023	uni-california
moreno-almeida_cristina	Cristina	Moreno Almeida		2022	uni-london-queen-mary
porter_james-david	James David	Porter		2025	uni-pennsylvania
konle_leonard	Leonard	Konle		2025	uni-wuerzburg
chonka_peter	Peter	Chonka		2022	uni-london-kcl
mathew_ashwin	Ashvin	Mathew		2022	uni-london-kcl
zaborowski_rafal	Rafal	Zaborowski		2022	uni-london-kcl
cheong_niki	Niki	Cheong		2022	uni-london-kcl
gibson_laura	Laura	Gibson		2022	uni-london-kcl
oreglia_elisa	Elisa	Oreglia		2022	uni-london-kcl
brenner_leon	Leon	Brenner		2025	uni-bochum uni-iu-berlin
everitt_katherine	Katherine	Everitt		2025	self-employment
dawson_john	John	Dawson		2024	uni-cambridge
holobut_agata	Agata	Hołobut		2024	uni-jagiellonski
rybicki_jan	Jan	Rybicki		2024	uni-jagiellonski
manovich_lev	Lev	Manovich		2024	uni-new-york
sobchuk_oleg	Oleg	Sobchuk		2024	mpi-eva
jacqueline_anne	Anne	Jacqueline		2016	self-employment
bocciolesi_enrico	Enrico	Bocciolesi		2016	uni-e-campus
del-grosso_angelo-mario	Angelo Mario	Del Grosso		2016	cnr
lame_marion	Marion	Lamé		2015	cnr
lame_marion	Marion	Lamé		2016	uni-pisa
caputo_marina	Marina	Caputo		2016	uni-perugia
stella_francesco	Francesco	Stella		2016	uni-siena
bianchi_alessandra	Alessandra	Bianchi		2016	uni-bergamo
cei_enzo	Enzo	Cei		2016	self-employment
guarasci_roberto	Roberto	Guarasci		2016	uni-calabria
spugnesi_giorgio	Giorgio	Spugnesi		2016	uni-pisa
d-ambra_dario	Dario	D’Ambra		2016	fh-koeln
feliciati_pierluigi	Pierluigi	Feliciati		2015	uni-macerata
pagliarini_enrico	Enrico	Pagliarini		2015	radio-24
pinna_gabriela-maria	Gabriela Maria	Pinna		2015	cnr
frontini_francesca	Francesca	Frontini		2015	cnr
muggittu_vincenzo	Vincenzo	Muggittu		2015	liceo-classico-galileo-galilei
testa_simone	Simone	Testa		2015	eui
de-santis_dario	Dario	De Santis		2015	uni-milano-bicocca
potenziani_marco	Marco	Potenziani		2017	cnr
tomasi_lorenzo	Lorenzo	Tomasi		2017	uni-lausanne
lo-duca_angelica	Angelica	Lo Duca		2017	cnr
traverso_ilaria	Ilaria	Traverso		2017	uni-madrid-autonoma
viazzi_federica	Federica	Viazzi		2017	library-beic
battaner-moro_elena	Elena	Battaner Moro		2024	uni-rey-juan-carlos
bia-platas_alejandro	Alejandro	Bia Platas		2020	uni-miguel-hernandez
jakacki_diane	Diane	Jakacki		2020	uni-bucknell
wrisley_david	David	Wrisley		2021	uni-abu-dhabi-ny
arnold_denis	Denis	Arnold		2021	ids
fisseni_bernhard	Bernhard	Fisseni		2021	ids
tilton_lauren	Lauren	Tilton		2021	uni-richmond
chiodo_carol	Carol	Chiodo		2021	library-uni-harvard
ciotti_fabio	Fabio	Ciotti		2018	uni-roma-tor-vergata
ciotti_fabio	Fabio	Ciotti		2025	uni-roma-tor-vergata
krefeld_thomas	Thomas	Krefeld		2018	uni-muenchen
goebl_hans	Hans	Goebl		2018	uni-salzburg
odebrecht_carolin	Carolin	Odebrecht		2015	uni-hu-berlin
garcia-fernandez_anne	Anne	Garcia-Fernandez		2022	uni-grenoble-alpes
bohnert_celine	Céline	Bohnert		2022	uni-reims iuf
saint-raymond_lea	Léa	Saint-Raymond		2022	uni-paris-pantheon-sorbonne
reach-ngo_anne	Anne	Réach-Ngô		2022	uni-haute-alsace iuf
balmon_theodora	Théodora	Balmon		2022	library-uni-corse
piazza_linda	Linda	Piazza		2022	library-tommaso-trela
gherardi_eugene	Eugène	Gherardi		2021	uni-corse
nussbaumer_lisa	Lisa	Nußbaumer		2023	uni-wien
linser_nora	Nora	Linser		2023	uni-wien
ensslin_astrid	Astrid	Ensslin		2024	uni-regensburg
diecke_josephine	Josephine	Diecke		2024	uni-zuerich
kleymann_rabea	Svenja	Guhr		2024	uni-chemnitz
guhr_svenja	Svenja	Guhr		2024	uni-darmstadt
guhr_svenja	Svenja	Guhr		2025	uni-darmstadt
spoerer_mark	Mark	Spoerer		2024	uni-regensburg
fritz_larissa	Larissa	Fritz		2024	uni-stuttgart
afanador_maria-jose	Maria José	Afanador		2024	uni-andes
himmel_torsten	Torsten	Himel		2015	uni-stuttgart
himmel_torsten	Torsten	Himel		2016	uni-stuttgart
lehmann_christian	Christian	Lehmann		2015	uni-stuttgart
braun_manuel	Manuel	Braun		2015	uni-stuttgart
braun_manuel	Manuel	Braun		2016	uni-stuttgart
kuhn_jonas	Jonas	Kuhn		2015	uni-stuttgart
holtz_sabine	Sabine	Holtz		2015	uni-stuttgart
haka_andreas	Andreas	Haka		2015	uni-stuttgart
haka_andreas	Andreas	Haka		2017	uni-stuttgart
leymann_frank	Frank	Leymann		2015	uni-stuttgart
barzen_johanna	Johanna	Barzen		2015	uni-koeln
barzen_johanna	Johanna	Barzen		2024	uni-stuttgart
hentschel_klaus	Klaus	Hentschel		2015	uni-stuttgart
hentschel_klaus	Klaus	Hentschel		2016	uni-stuttgart
krueger_reinhard	Reinhard	Krüger		2015	uni-stuttgart
krueger_reinhard	Reinhard	Krüger		2017	uni-stuttgart
nickel_beatrice	Beatrice	Nickel		2015	uni-stuttgart
nickel_beatrice	Beatrice	Nickel		2017	uni-stuttgart
stein_achim	Achim	Stein		2015	uni-stuttgart
trips_carola	Carola	Trips		2015	uni-mannheim
priewe_marc	Marc	Priewe		2015	uni-stuttgart
priewe_marc	Marc	Priewe		2016	uni-stuttgart
priewe_marc	Marc	Priewe		2018	uni-stuttgart
wendel_klaus	Klaus	Wendel		2016	uni-stuttgart
pado_sebastian	Sebastian	Padó		2024	uni-stuttgart
falk_neele	Neele	Falk		2025	uni-stuttgart
bogdanovic_arsenije	Arsenije	Bogdanović		2025	uni-stuttgart
pichler_axel	Axel	Pichler		2025	uni-stuttgart
scholz_peter	Peter	Scholz		2016	uni-stuttgart
koch_steffen	Steffen	Koch		2016	uni-stuttgart
john_markus	Markus	John		2016	uni-stuttgart
john_markus	Markus	John		2018	uni-stuttgart
willand_marcus	Marcus	Willand		2017	uni-stuttgart
bross_fabian	Fabian	Bross		2017	uni-stuttgart
mersiowsky_mark	Mark	Gerstorfer		2017	uni-stuttgart
gerstorfer_dominik	Dominik	Gerstorfer		2016	uni-stuttgart
gerstorfer_dominik	Dominik	Gerstorfer		2019	uni-stuttgart
rainsford_thomas	Thomas	Rainsford		2016	uni-stuttgart
bernhart_toni	Toni	Bernhart		2016	uni-stuttgart
bernhart_toni	Toni	Bernhart		2019	uni-stuttgart
echelmeyer_nora	Nora	Echelmeyer		2016	uni-stuttgart
pernes_stefan	Stefan	Pernes		2016	uni-wuerzburg
knopp_hartmut	Hartmut	Knopp		2018	uni-stuttgart
rapp_andrea	Andrea	Rapp		2018	uni-darmstadt
kaminski_andreas	Andreas	Kaminski		2018	uni-stuttgart
heckelen_malte	Malte	Heckelen		2018	uni-stuttgart
heckelen_malte	Malte	Heckelen		2019	uni-stuttgart
keck_jana	Jana	Keck		2018	uni-stuttgart
keck_jana	Jana	Keck		2020	uni-salzburg
kramski_heinz-werner	Heinz Werner	Kramski		2018	archive-dla-marbach
maennig_maria	Maria	Männig		2018	uni-marburg
schmidt_johannes	Johannes	Schmidt		2019	uni-bielefeld
draude_claude	Claude	Draude		2019	uni-kassel
mengaldo_elisabetta	Elisabetta	Mengaldo		2019	uni-padova
tumanov_rostislav	Rostislav	Tumanov		2019	uni-stuttgart
calvo-tello_jose	José	Calvo Tello		2019	uni-wuerzburg
heiberger_raphael	Raphael	Heiberger		2019	uni-stuttgart
zeppezauer-wachauer_katharina	Katharina	Zeppezauer-Wachauer		2020	uni-salzburg
hinkelmanns_peter	Peter	Hinkelmanns		2020	uni-salzburg
hadersbeck_maximiliam	Maximiliam	Hadersbeck		2020	uni-muenchen
ostberg_jan-peter	Jan-Peter	Ostberg		2017	uni-stuttgart
breitenbuecher_uwe	Uwe	Breitenbücher		2017	uni-stuttgart
reimann_peter	Peter	Reimann		2017	uni-stuttgart
fett_daniel	Daniel	Fett		2017	uni-stuttgart
lischke_lars	Lars	Lischke		2017	uni-stuttgart
duerr_frank	Frank	Dürr		2017	uni-stuttgart
kopp_oliver	Oliver	Kopp		2017	uni-stuttgart
wieland_matthias	Matthias	Wieland		2018	uni-stuttgart
palumbo_valeria	Valeria	Palumbo		2021	rcs-media-group
caselli_stefano	Stefano	Caselli		2021	uni-malta
bonera_matteo	Matteo	Bonera		2021	the-visual-agency uni-milano-politecnico
diamante_gugliemo	Guglielmo	Diamante		2021	de-vulgare
fantini_niccolo	Niccolò	Fantini		2021	de-vulgare
cesaro_laura	Laura	Cesaro		2021	sirius-game
tavosanis_mirko	Mirko	Tavosanis		2021	uni-pisa
gnoli_claudio	Claudio Tommaso	Gnoli		2015	uni-pavia
roncaglia_gino	Gino	Roncaglia		2015	uni-tuscia
mastandrea_paolo	Paolo	Mastandrea		2015	uni-venezia
marzi_claudia	Claudia	Marzi		2015	cnr
nahli_ouafae	Ouafae	Nahli		2015	cnr
pirrelli_vito	Vito	Pirrelli		2015	cnr
banterle_francesco	Francesco	Banterle		2015	cnr
brunelli_antonella	Antonella	Brunelli		2015	uni-bologna
brigati_roberto	Roberto	Brigati		2015	uni-bologna
barbuti_roberto	Roberto	Barbuti		2015	uni-pisa
meschini_federico	Federico	Meschini		2015	uni-tuscia
evensen_nina-marie	Nina Marie	Evensen		2021	uni-oslo
martin-rodilla_patricia	Patricia	Martin-Rodilla		2018	uni-santiago-de-compostela
stead_steve	Steve	Stead		2018	self-employment
grana-behrens_daniel	Daniel	Graña-Behrens		2018	uni-bonn
perry_sara	Sara	Perry		2018	uni-york
wickeroth_daniel	Daniel	Wickeroth		2018	uni-koeln
tambs_lena	Lena	Tambs		2018	uni-koeln
herzog_irmela	Irmela	Herzog		2018	abr
vaupotic_ales	Aleš	Vaupotič		2018	uni-novi-gorici
marras_cristina	Cristina	Marras		2018	cnr
cuy_sebastian	Sebastian	Cuy		2018	dai
keith_allison	Allison	Keith		2025	uni-stuttgart
scholger_martina	Martina	Scholger		2025	uni-graz
nilsson-fernandez_pedro	Pedro	Nilsson-Fernàndez		2025	uni-cork
rio-riande_gimena-del	Gimena	del Rio Riande		2025	conicet
tomic_marijana	Marijana	Tomić		2025	uni-zadar
franken_lina	Lina	Franken		2025	uni-vechta
franken_lina	Lina	Franken		2023	uni-vechta
greinert_cordula	Cordula	Greinert		2025	uni-rostock
giovannini_luca	Luca	Giovannini		2025	uni-potsdam
fischer_hanna	Hanna	Fischer		2025	uni-rostock
verhoeven_deb	Deb	Verhoeven		2025	uni-alberta
mannari_chiara	Chiara	Mannari		2021	uni-pisa
passarotti_marco	Marco	Passarotti		2021	uni-cattolica-milano
metilli_daniele	Daniele	Metilli		2021	cnr uni-pisa
metilli_daniele	Daniele	Metilli		2024	uni-guelph
gargano_giovanna	Giovanna	Gargano		2021	tourism-world-summit
tambassi_timothy	Timothy	Tambassi		2015	uni-piemonte-orientale
tambassi_timothy	Timothy	Tambassi		2021	uni-salerno
salerno_giuseppe	Giuseppe	Salerno		2021	uni-salerno
d-urso_raffaella	Raffaella	D'Urso		2021	uni-salerno
bisogno_gianmarco	Gianmarco	Bisogno		2021	uni-salerno
longo_alessandro	Alessandro	Longo		2021	self-employment
hageneuer_sebastian	Sebastian	Hageneuer		2021	uni-koeln
sabatini_marina	Marina	Sabatini		2021	uni-pisa
bruni_sara	Sara	Bruni		2021	uni-pisa
gioli_antonella	Antonella	Gioli		2021	uni-pisa
marasescu-galleron_ioana	Ioana	Marasescu-Galleron		2021	uni-paris-sorbonne-nouvelle
sebastiani_fabrizio	Fabrizio	Sebastiani		2021	cnr
tammaro_anna-maria	Anna Maria	Tammaro		2014	uni-parma
genovese_giulia	Giulia	Genovese		2014	websoup
genovese_giulia	Giulia	Genovese		2017	websoup
cignoni_giovanni	Giovanni	Cignoni		2014	uni-pisa
garzella_lorenzo	Lorenzo	Garzella		2014	self-employment
salvatori_nicoletta	Nicoletta	Salvatori		2014	cnr
salvatori_nicoletta	Nicoletta	Salvatori		2015	cnr
salvatori_nicoletta	Nicoletta	Salvatori		2021	uni-pisa
angiolini_andrea	Andrea	Angiolini		2014	pandoracampus
bartalesi_valentina	Valentina	Bartalesi		2014	cnr
bartalesi_valentina	Valentina	Bartalesi		2021	cnr
cano_ricardo	Ricardo	Cano		2021	eve-museos
rubio-campillo_xavier	Javier	Daubagna Ordoño		2021	uni-barcelona
ordono-daubagna_javier	Javier	Daubagna Ordoño		2021	arkikus
horn_michael	Michael	Horn		2021	uni-northwestern
lopez-menchero_victor	Victor	López-Menchero		2020	uni-castilla-la-mancha
collell_xevi	Xevi	Collell		2020	uni-girona
melero-rus_francisco-javier	Francisco Javier	Melero Rus		2020	uni-granada
marquis_nestor	Néstor F.	Marqués		2020	self-employment
hernandez-gueell_marc	Marc	Hernández Güell		2020	la-tempesta
gruber_doris	Doris	Gruber		2023	oeaw
high-steskal_nicole	Nicole	High-Steskal		2022	uni-krems
mayer_sandra	Sandra	Mayer		2022	uni-wien
brenner_simon	Simon	Brenner		2022	uni-wien
fruehwirth_timo	Timo	Frühwirth		2022	uni-wien
moerth_karlheinz	Karlheinz	Mörth		2020	oeaw
trinks_immo	Immo	Trinks		2020	uni-wien
trinks_immo	Immo	Trinks		2022	uni-wien
koentges_thomas	Thomas	Köntges		2020	uni-leipzig
zuanni_chiara	Chiara	Zuanni		2020	uni-graz
zuanni_chiara	Chiara	Zuanni		2022	uni-graz
eichert_stefan	Stefan	Eichert		2021	uni-wien
prager_katharina	Katharina	Prager		2021	uni-wien
frasca-rath_anna	Anna	Frasca-Rath		2021	uni-wien
schlesinger_claus-michael	Claus-Michael	Schlesinger		2019	uni-wuerzburg
viehhauser_gabriel	Gabriel	Viehhauser		2015	uni-stuttgart
viehhauser_gabriel	Gabriel	Viehhauser		2016	uni-stuttgart
viehhauser_gabriel	Gabriel	Viehhauser		2019	uni-stuttgart
bockwinkel_peggy	Peggy	Bockwinkel		2016	uni-stuttgart
bockwinkel_peggy	Peggy	Bockwinkel		2019	uni-stuttgart
luzi_christophe	Christophe	Luzi		2022	uni-corse cnr
walter_richard	Richard	Walter		2021	cnrs uni-paris-sorbonne-nouvelle
walter_richard	Richard	Walter		2022	cnrs uni-paris-sorbonne-nouvelle
stular_benjamin	Benjamin	Štular		2020	sazu
romanov_maxim	Maxim	Romanov		2020	uni-wien
romanov_maxim	Maxim	Romanov		2022	uni-hamburg
cole_nicholas	Nicholas	Cole		2019	uni-oxford
hannesschlaeger_vanessa	Vanessa	Hannesschläger		2019	oeaw
hannesschlaeger_vanessa	Vanessa	Hannesschläger		2020	oeaw
hannesschlaeger_vanessa	Vanessa	Hannesschläger		2021	uni-wien
hughes_lorna	Lorna	Hughes		2019	uni-glasgow
hughes_lorna	Lorna	Hughes		2020	uni-glasgow
de-sisto_mirella	Mirella	De Sisto		2024	uni-tilburg
cremer_daniel	Daniel	Cremer		2024	uni-duesseldorf
verstegen_ute	Ute	Verstegen		2024	uni-erlangen-nuernberg
schelbert_georg	Georg	Schelbert		2018	uni-hu-berlin
schelbert_georg	Georg	Schelbert		2024	zi-muenchen
li_weixuan	Weixuan	Li		2024	uni-leiden
kurz_susanne	Susanne	Kurz		2024	uni-koeln
ruiz-fabo_pablo	Pablo	Ruiz Fabo		2024	uni-strasbourg
feichtinger_moritz	Moritz	Feichtinger		2024	uni-basel
spadini_elena	Elena	Spadini		2024	uni-basel uni-bern
weilinghof_andreas	Andreas	Weilinghof		2024	uni-koblenz
beisbart_claus	Claus	Beisbart		2024	uni-bern
kapitan_katarzyna-anna	Katarzyna Anna	Kapitan		2024	uni-ecole-des-chartes
bemelmans_sophie	Sophie	Bémelmans		2023	uni-lausanne
rochat_yannick	Yannick	Rochat		2023	uni-lausanne
demleitner_adrian	Adrian	Demleitner		2023	uni-bern
brandenburg_aurelia	Aurelia	Brandenburg		2023	uni-bern
wildi_tobias	Tobias	Wildi		2023	fh-graubuenden
krummenacher_dave	Dave	Krummenacher		2023	uni-lausanne fh-zuerich
hurel_pierre-yves	Pierre-Yves	Hurel		2023	uni-lausanne
maehr_moritz	Moritz	Mähr		2022	uni-bern
gasser_sonja	Sonja	Gasser		2022	skkg
toselli_alejandro-hector	Alejandro Héctor	Toselli		2022	uni-valencia
jobin_anna	Anna	Jobin		2022	hiig
serif_ina	Ina	Serif		2022	uni-basel
jaillant_lise	Lise	Jaillant		2022	uni-loughborough
marthot-santaniello_isabelle	Isabelle	Felsing		2022	uni-basel
felsing_ulrike	Ulrike	Felsing		2022	uni-basel
simi_maria	Maria	Simi		2024	uni-pisa
salvatori_enrica	Enrica	Salvatori		2014	uni-pisa
salvatori_enrica	Enrica	Salvatori		2021	uni-pisa
salvatori_enrica	Enrica	Salvatori		2024	uni-pisa
bassett_caroline	Caroline	Bassett		2021	uni-cambridge
treharne_elaine	Elaine	Treharne		2021	uni-stanford
sanderson_rob	Rob	Sanderson		2021	uni-yale
fornaro_peter	Peter	Fornaro		2022	uni-basel
sutter_pascale	Pascale	Sutter		2021	ssrq
gubler_kaspar	Kaspar	Gubler		2021	uni-bern
abel_stefan	Stefan	Abel		2021	uni-bern
kohler_daniela	Daniela	Kohler		2021	uni-bern
metz_bernhard	Bernhard	Metz		2021	uni-bern
stuber_martin	Martin	Stuber		2021	uni-bern
schmid_jimmy	Jimmy	Schmid		2021	uni-bern
zimmermann_christian-von	Christian	von Zimmermann		2021	uni-bern
reichen_roland	Roland	Reichen		2021	uni-bern
raciti_silvio	Silvio	Raciti		2021	uni-bern
zihlmann_patricia	Patricia	Zihlmann		2021	uni-bern
heinzmann_lukas	Lukas	Heinzmann		2021	uni-bern
schwarz-zanetti_gabriela	Gabriela	Schwarz-Zanetti		2021	uni-bern
fendt_kurt	Kurt	Fendt		2021	mit
nehrlich_thomas	Thomas	Nehrlich		2021	uni-bern
rosenthaler_lukas	Lukas	Rosenthaler		2020	uni-basel
gabay_simon	Simon	Gabay		2022	uni-geneve
gabay_simon	Simon	Gabay		2020	uni-geneve
schneider_christa	Christa	Schneider		2020	uni-bern
grandjean_martin	Martin	Grandjean		2020	uni-lausanne
bell_peter	Peter	Bell		2020	uni-erlangen-nuernberg
schwandt_silke	Silke	Schwandt		2020	uni-bielefeld
feiner_leyla	Leyla	Feiner		2020	uni-zuerich
mcdonald_daniel	Daniel	McDonald		2020	uni-zuerich
dusinberre_martin	Martin	Dusinberre		2020	uni-zuerich
leveghi_davide	Davide	Leveghi		2024	history-lab-magazine
manfredi_alice	Alice	Manfredi		2024	history-lab-magazine
varanini_francesco	Francesco	Varanini		2014	self-employment
varanini_francesco	Francesco	Varanini		2021	self-employment
varanini_francesco	Francesco	Varanini		2024	self-employment
lana_maurizio	Maurizio	Lana		2024	uni-piemonte-orientale
lana_maurizio	Maurizio	Lana		2018	uni-piemonte-orientale
turbanti_simona	Simona	Turbanti		2016	uni-pisa
turbanti_simona	Simona	Turbanti		2017	uni-pisa
turbanti_simona	Simona	Turbanti		2021	uni-pisa
turbanti_simona	Simona	Turbanti		2024	uni-milano
sebastiani_melania	Melania	Sebastiani		2024	fili-di-juta
aiola_chiara	Chiara	Aiola		2021	netseven
aiola_chiara	Chiara	Aiola		2024	uni-pisa
giuffrida_milena	Milena	Giuffrida		2024	uni-catania
puglisi_alessandro	Alessandro	Puglisi		2024	uni-stranieri-di-siena
gorrieri_laura	Laura	Gorrieri		2024	uni-torino
morent_stefan	Stefan	Morent		2023	uni-tuebingen
darilek_marion	Marion	Darilek		2023	uni-tuebingen
bauer_matthias	Matthias	Bauer		2023	uni-tuebingen
bauer_matthias	Matthias	Bauer		2019	uni-tuebingen
eufe_rembert	Rembert	Eufe		2023	uni-tuebingen
achimova_asya	Asya	Achimova		2023	uni-tuebingen
koerner_kevin	Kevin	Körner		2023	uni-tuebingen
goerss_eleanor	Eleanor	Goerss		2023	uni-tuebingen
worm_andrea	Andrea	Worm		2023	uni-tuebingen
bleier_roman	Roman	Bleier		2023	uni-graz
wust_markus	Markus	Wust		2023	uni-tuebingen
patzold_steffen	Steffen	Patzold		2023	uni-tuebingen
zirker_angelika	Angelika	Zirker		2023	uni-tuebingen
zirker_angelika	Angelika	Zirker		2019	uni-tuebingen
schwabe_fabian	Fabian	Schwabe		2023	uni-tuebingen
weimann_hanna	Hanna	Weimann		2024	uni-stuttgart
desmet_gabrielle	Gabrielle	Desmet		2025	uni-lille
ondraszek_sarah-rebecca	Sarah Rebecca	Ondraszek		2025	fiz-karlsruhe
untner_laura	Laura	Untner		2024	uni-fu-berlin
rehse_birgit	Birgit	Rehse		2024	uni-fu-berlin archive-fu-berlin
hercher_johannes	Johannes	Hercher		2024	uni-fu-berlin library-uni-fu-berlin
falk_michael	Michael	Falk		2024	uni-melbourne
harris_ashleigh	Ashleigh	Harris		2024	uni-uppsala
schwindt_mark	Mark	Schwindt		2024	uni-fu-berlin
schulz_konstantin	Konstantin	Schulz		2024	uni-hu-berlin
beyer_andrea	Andrea	Beyer		2024	uni-hu-berlin
wolle_nikolai	Nikolai	Wolle		2023	uni-regensburg
hiergeist_annalena	Annalena	Hiergeist		2023	uni-regensburg
gruenler_johanna	Johanna	Grünler		2023	uni-regensburg
murath_antonia	Antonia	Murath		2023	uni-fu-berlin
panuskova_charlotte	Charlotte	Panušková		2024	uni-karlova
hilger_agnes	Agnes	Hilger		2023	uni-wuerzburg
chemello_marco	Marco	Chemello		2022	uni-padova
mazzini_federico	Federico	Mazzini		2022	uni-padova
novello_elisabetta	Elisabetta	Novello		2021	uni-padova
zilio_daniel	Daniel	Zilio		2021	uni-padova
bernardi_teresa	Teresa	Bernardi		2021	uni-padova
elice_martina	Martina	Elice		2021	uni-padova
elice_martina	Martina	Elice		2022	uni-padova
orlandi_marco	Marco	Orlandi		2021	uni-padova
orlandi_marco	Marco	Orlandi		2022	uni-padova
xie_shi	Shi	Xie		2021	uni-sun-yat-sen
ferrarese_francesco	Francesco	Ferrarese		2021	uni-padova
di-donato_francesca	Francesca	Di Donato		2014	self-employment
d-altan_paolo	Paolo	D’Altan		2014	self-employment
d-angelo_fabrizio	Fabrizio	D’Angelo		2014	uni-roma-tre
rossi_paolo	Paolo	Rossi		2014	uni-pisa
rosselli-del-turco_roberto	Roberto	Rosselli del Turco		2014	uni-pisa
paterno_fabio	Fabio	Paternò		2014	cnr
venerandi_fabrizio	Fabrizio	Venerandi		2014	self-employment
zanzotto_fabio-massimo	Fabio Massimo	Zanzotto		2014	uni-roma-tor-vergata
schaefer_lea	Lea	Schäfer		2023	uni-marburg
lubin_jonah	Jonah	Lubin		2023	uni-fu-berlin
chen_beijia	Beijia	Chen		2023	uni-fu-berlin
chen_beijia	Beijia	Chen		2024	uni-fu-berlin
poggel_lisa	Lisa	Poggel		2023	uni-fu-berlin
poggel_lisa	Lisa	Poggel		2025	uni-fu-berlin
rodighiero_dario	Dario	Rodighiero		2023	uni-groningen
iurescia_federica	Federica	Iurescia		2023	uni-cattolica-milano
parisi_maria-chiara	Maria Chiara	Parisi		2023	uni-amsterdam
sprugnoli_rachele	Rachele	Sprugnoli		2023	uni-parma
pence_charles	Charles	Pence		2022	uni-leuven
lang_sarah	Sarah	Lang		2022	uni-graz
noichl_maximilian	Maximilian	Noichl		2022	uni-bamberg uni-wien
wontorra_lena	Lena	Wontorra		2022	uni-fu-berlin ntm-mannheim
duan_tinghui	Tinghui	Duan		2022	uni-jena
herbst_benjamin	Benjamin	Herbst		2022	uni-bern
gutierrez_silvia	Silvia	Gutiérrez		2022	uni-leipzig
mischke_dennis	Dennis	Mischke		2023	uni-fu-berlin
mischke_dennis	Dennis	Mischke		2022	uni-fu-berlin
hessbrueggen-walter_stefan	Stefan	Heßbrüggen-Walter		2023	uni-bochum
hessbrueggen-walter_stefan	Stefan	Heßbrüggen-Walter		2022	uni-moskau
orekhov_boris	Boris	Orekhov		2022	uni-moskau
cakir_dilan-canan	Dîlan Canan	Çakir		2022	uni-stuttgart archive-dla-marbach
escobar-varela_miguel	Miguel	Escobar Varela		2021	uni-singapore
escobar-varela_miguel	Miguel	Escobar Varela		2024	uni-singapore
strasser_marc	Marc	Strasser		2024	usb
akarcay_guenhan	Günhan	Akarçay		2024	museum-snm
maget-dominice_antoinette	Antoinette	Maget Dominicé		2024	uni-geneve
melone_mirco	Mirco	Melone		2024	museum-hmb
himmelsbach_sabine	sabine	Himmelsbach		2024	museum-hek
jaquet_daniel	Daniel	Jaquet		2024	uni-epfl-lausanne
katz_brian	Brian	Katz		2024	uni-paris-sorbonne
jehle_bruno	Bruno	Jehle		2023	bj-institute
zimmermann_dorothea	Dorothea	Zimmermann		2023	library-eth
sibille_christiane	Christiane	Sibille		2023	library-eth
stoffel_isabelle	Isabelle	Stoffel		2023	self-employment
taes_sofie	Sofie	Taes		2023	uni-leuven
dufaux_alain	Alain	Dufaux		2023	uni-epfl-lausanne
gries_christian	Christian	Gries		2023	museum-lmw
peacock_vita	Vita	Peacock		2022	uni-london-kcl
bruun_mikkel-kenni	Mikkel Kenni	Bruun		2022	uni-london-kcl
devlin_kate	Kate	Devlin		2022	uni-london-kcl
bunz_mercedes	Mercedes	Bunz		2022	uni-london-kcl
chavez-heras_daniel	Daniel	Chávez Heras		2022	uni-london-kcl
roueche_charlotte	Charlotte	Roueché		2019	uni-london-kcl
meghini_carlo	Carlo	Meghini		2018	cnr
bruegger_niels	Niels	Brügger		2017	uni-aarhus
drucker_johanna	Johanna	Drucker		2016	uni-la-california
hockey_susan	Susan	Hockey		2015	uni-london-ucl
luis-bueren_jose	José	Luis Bueren		2021	library-bne
fontal-merillas_olaia	Olaia	Fontal Merillas		2021	uni-valladolid
corff_oliver	Oliver	Corff		2024	unknown
lehmberg_timm	Timm	Lehmberg		2024	adw-hamburg
reul_christian	Christian	Reul		2024	uni-wuerzburg
marx_konstanze	Konstanze	Marx		2024	uni-greifswald
gloning_thomas	Thomas	Gloning		2024	uni-giessen bbaw
lemnitzer_lothar	Lothar	Lemnitzer		2024	bbaw
barbaresi_adrien	Adrien	Barbaresi		2023	bbaw
schneider_roman	Roman	Schneider		2023	ids
nolda_andreas	Andreas	Nolda		2023	bbaw
kupietz_marc	Marc	Kupietz		2023	ids
diewald_nils	Nils	Diewald		2023	ids
meyer-hinrichs_kerstin	Kerstin	Meyer-Hinrich		2023	adw-goettingen
mederake_nathalie	Nathalie	Mederake		2023	adw-goettingen
harm_volker	Volker	Harm		2023	adw-goettingen
dorn_nico	Nico	Dorn		2023	adw-goettingen
hug_marius	Marius	Hug		2023	bbaw
boenig_matthias	Matthias	Boenig		2023	bbaw
vogeler_andreas	Andreas	Vogeler		2023	legacy-page
helbig_holger	Holger	Helbig		2023	uni-rostock
hamster_ulf	Ulf	Hamster		2023	bbaw
henzel_katrin	Katrin	Henzel		2023	uni-kiel
schulte-im-walde_sabine	Sabine	Schulte im Walde		2023	uni-stuttgart
biemann_chris	Chris	Biemann		2023	uni-hamburg
arnold_frederik	Frederik	Arnold		2022	uni-hu-berlin
fiechter_benjamin	Benjamin	Fiechter		2022	uni-hu-berlin
jaeschke_robert	Robert	Jäschke		2022	uni-hu-berlin
martus_steffen	Steffen	Martus		2022	uni-hu-berlin
zinsmeister_heike	Heike	Zinsmeister		2022	uni-hamburg
muehlberger_guenter	Günter	Mühlberger		2022	uni-innsbruck
piotrowski_michael	Michael	Piotrowski		2022	uni-lausanne
piotrowski_michael	Michael	Piotrowski		2020	uni-lausanne
georgi_christopher	Christopher	Georgi		2021	uni-paderborn
kirsten_linda	Linda	Kirsten		2021	bbaw uni-paderborn
thielert_frauke	Frauke	Thielert		2021	uni-paderborn
klappenbach_lou	Lou	Klappenbach		2021	bbaw
schnoepf_markus	Markus	Schnöpf		2021	bbaw
wilk_nicole-marianne	Nicole Marianne	Wilk		2021	uni-paderborn
schulz_daniela	Daniela	Schulz		2021	bbaw
stockhausen_annette-von	Annette	von Stockhausen		2021	bbaw
stockhausen_annette-von	Annette	von Stockhausen		2022	bbaw
kaiser_maximilian	Maximilian	Kaiser		2021	oeaw
schloegl_matthias	Matthias	Schlögl		2021	oeaw
kurz_stephan	Stephan	Kurz		2021	oeaw
klemstein_franziska	Franziska	Klemstein		2020	uni-weimar
brunner_annelen	Annelen	Brunner		2020	ids
naji_julia	Julia	Naji		2020	bbaw
geyken_alexander	Alexander	Geyken		2020	bbaw
rojas-castro_antonio	Antonio	Rojas Castro		2025	uni-tuebingen
rojas-castro_antonio	Antonio	Rojas Castro		2020	bbaw
schumacher_mareike	Mareike	Schumacher		2023	uni-regensburg
schumacher_mareike	Mareike	Schumacher		2020	uni-hamburg
schumacher_mareike	Mareike	Schumacher		2024	uni-stuttgart
schumacher_mareike	Mareike	Schumacher		2022	uni-darmstadt
flueh_marie	Marie	Flüh		2020	uni-hamburg
flueh_marie	Marie	Flüh		2024	uni-hamburg
diehr_franziska	Franziska	Diehr		2019	spk
glinka_katrin	Katrin	Glinka		2019	spk
bludau_mark-jan	Mark-Jan	Bludau		2019	fh-potsdam
busch_anna	Anna	Busch		2019	uni-potsdam
trilcke_peer	Peer	Trilcke		2019	uni-potsdam
bubenhofer_noah	Noah	Bubenhofer		2019	uni-zuerich
bubenhofer_noah	Noah	Bubenhofer		2024	uni-zuerich
groetschel_martin	Martin	Grötschel		2019	bbaw
klar_jochen	Jochen	Klar		2019	self-employment
wuttke_ulrike	Ulrike	Wuttke		2024	fh-potsdam
wuttke_ulrike	Ulrike	Wuttke		2019	fh-potsdam
jarosch_julian	Julian	Jarosch		2019	adw-mainz
middell_gregor	Gregor	Middell		2019	pagina
middell_gregor	Gregor	Middell		2023	bbaw
tuerkoglu_enes	Enes	Türkoğlu		2019	uni-koeln
tuerkoglu_enes	Enes	Türkoğlu		2024	uni-koeln
tuerkoglu_enes	Enes	Türkoğlu		2020	uni-koeln
pohl_oliver	Oliver	Pohl		2019	bbaw
mueller-laackman_jonas	Jonas	Müller-Laackman		2019	bbaw
pollin_christopher	Christopher	Pollin		2021	uni-graz
pollin_christopher	Christopher	Pollin		2019	uni-graz
pollin_christopher	Christopher	Pollin		2024	uni-graz
gardner_roy	Roy	Gardner		2019	psycle
fry_alex	Alex	Fry		2019	psycle
simon_tobias	Tobias	Simon		2018	fh-mainz
bleeker_elli	Elli	Bleeker		2019	knaw
bleeker_elli	Elli	Bleeker		2018	knaw
deicke_aline	Aline	Deicke		2025	uni-marburg
deicke_aline	Aline	Deicke		2018	adw-mainz
deicke_aline	Aline	Deicke		2022	adw-mainz
schirmacher_hartmut	Hartmut	Schirmacher		2018	fh-bht
baiter_johannes	Johannes	Baiter		2018	library-bsb
neuber_frederike	Frederike	Neuber		2018	bbaw
czmiel_alexander	Alexander	Czmiel		2019	bbaw
czmiel_alexander	Alexander	Czmiel		2018	bbaw
hussein_hussein	Hussein	Hussein		2018	uni-fu-berlin
meyer-sickendiek_burkhard	Burkhard	Meyer-Sickendiek		2018	uni-fu-berlin
burghardt_manuel	Manuel	Burghardt		2017	uni-regensburg
burghardt_manuel	Manuel	Burghardt		2024	uni-leipzig
burghardt_manuel	Manuel	Burghardt		2023	uni-lausanne
kuczera_andreas	Andreas	Kuczera		2017	adw-mainz
kuczera_andreas	Andreas	Kuczera		2020	adw-mainz
thomas_christian	Christian	Thomas		2021	bbaw
thomas_christian	Christian	Thomas		2017	bbaw uni-hu-berlin
thomas_christian	Christian	Thomas		2018	bbaw
thomas_christian	Christian	Thomas		2019	bbaw
thomas_christian	Christian	Thomas		2015	bbaw uni-hu-berlin
haaf_susanne	Susanne	Haaf		2017	bbaw
haaf_susanne	Susanne	Haaf		2019	bbaw
haaf_susanne	Susanne	Haaf		2021	bbaw
haaf_susanne	Susanne	Haaf		2023	bbaw
schaarschmidt_nadine	Nadine	Schaarschmidt		2025	uni-dresden
koehler_thomas	Thomas	Koehler		2025	uni-dresden
hachmeister_maren	Maren	Hachmeister		2025	hait
mattern_anna	Anna	Mattern		2025	uni-dresden
christoph_ralf	Ralf	Christoph		2024	uni-dresden
razniewski_simon	Simon	Razniewski		2024	scadsai
lachmund_anne-marie	Anne-Marie	Lachmund		2024	uni-dresden
heilmann_jan	Jan	Heilmann		2024	uni-dresden
heilmann_jan	Jan	Heilmann		2025	uni-dresden
langenhorst_jan	Jan	Langenhorst		2024	uni-dresden
frommherz_yannick	Yannick	Frommherz		2024	uni-dresden
reimer_martin	Martin	Reimer		2023	uni-dresden
herrmann_mathias	Mathias	Herrmann		2023	uni-dresden
zloch_stephanie	Stephanie	Zloch		2023	uni-dresden
dressen_angela	Angela	Dreßen		2023	uni-dresden
dressen_angela	Angela	Dreßen		2024	uni-dresden
uhrig_peter	Peter	Uhrig		2023	scadsai
rutz_andreas	Andreas	Rutz		2023	uni-dresden isgv
langner_anke	Anke	Langner		2023	uni-dresden
langner_anke	Anke	Langner		2024	uni-dresden
kneuer_marianne	Marianne	Kneuer		2023	uni-dresden
kneuer_marianne	Marianne	Kneuer		2024	uni-dresden
bartels_hauke	Hauke	Bartels		2022	uni-dresden
bartels_hauke	Hauke	Bartels		2024	uni-dresden
straub_verena	Verena	Straub		2022	uni-dresden
straub_verena	Verena	Straub		2024	uni-dresden
schankweiler_kerstin	Kerstin	Schankweiler		2022	uni-dresden
de-cesare_anna-maria	Anna-Maria	De Cesare		2022	uni-dresden
de-cesare_anna-maria	Anna-Maria	De Cesare		2023	uni-dresden
meier-vieracker_simon	Simon	Meier-Vieracker		2019	uni-dresden
meier-vieracker_simon	Simon	Meier-Vieracker		2022	uni-dresden
meier-vieracker_simon	Simon	Meier-Vieracker		2024	uni-dresden
meier-vieracker_simon	Simon	Meier-Vieracker		2018	uni-tu-berlin
halpern_orit	Orit	Halpern		2022	uni-dresden
halpern_orit	Orit	Halpern		2023	uni-dresden
halpern_orit	Orit	Halpern		2024	uni-dresden
menold_natalja	Natalja	Menold		2022	uni-dresden
menold_natalja	Natalja	Menold		2024	uni-dresden
wuerzner_kay-michael	Kay-Michael	Würzner		2022	library-slub
wuerzner_kay-michael	Kay-Michael	Würzner		2023	library-slub
wuerzner_kay-michael	Kay-Michael	Würzner		2017	bbaw
wuerzner_kay-michael	Kay-Michael	Würzner		2018	bbaw
diebel-fischer_hermann	Hermann	Diebel-Fischer		2022	zih scadsai
baumann_mario	Mario	Baumann		2022	uni-dresden
baumann_mario	Mario	Baumann		2023	uni-dresden
baumann_mario	Mario	Baumann		2024	uni-dresden
lasch_alexander	Alexander	Lasch		2023	uni-dresden
lasch_alexander	Alexander	Lasch		2022	uni-dresden
lasch_alexander	Alexander	Lasch		2024	uni-dresden
miquel_laura	Laura	Miquel		2021	csic
martínez-giralt_alejandro	Alejandro	Martínez Giralt		2021	csic
boadas_sonia	Sònia	Boadas		2021	uni-bologna
rodriguez-ortega_nuria	Nuria	Rodríguez-Ortega		2021	uni-malaga
coma-quintana_laia	Laia	del Bosque González		2021	uni-barcelona
del-bosque-gonzalez_isabel	Isabel	del Bosque González		2021	csic
sallan-gairin_joaquin	Joaquín	Gairín Sallán		2021	uni-barcelona-autonoma
vicent_naiara	Naiara	Vicent		2021	uni-pais-vasco
blanke_tobias	Tobias	Blanke		2024	uni-amsterdam
bonch-osmolovskaya_anastasia	Anastasia	Bonch-Osmolovskaya		2023	uni-moskau
acquavella-rauch_stefanie	Stefanie	Acquavella-Rauch		2021	uni-mainz
baker_keith-michael	Keith Michael	Baker		2016	uni-stanford
schnapp_jeffrey	Jeffrey	Schnapp		2016	uni-harvard
cugliana_elisa	Elisa	Cugliana		2020	uni-venezia
cugliana_elisa	Elisa	Cugliana		2018	uni-venezia
cugliana_elisa	Elisa	Cugliana		2022	uni-koeln
cugliana_elisa	Elisa	Cugliana		2023	uni-koeln
cugliana_elisa	Elisa	Cugliana		2024	uni-koeln
lucchesi_anita	Anita	Lucchesi		2023	uni-luxemburg
demantowsky_marko	Marko	Demantowsky		2017	uni-basel
ruef_bernhard	Bernhard	Ruef		2015	uni-zuerich
ruef_bernhard	Bernhard	Ruef		2021	ssrq
al-suadi_soham	Soham	Al-Suadi		2024	uni-rostock
alvares-freire_fernanda	Fernanda	Alvares Freire		2023	uni-rostock
alvares-freire_fernanda	Fernanda	Alvares Freire		2024	uni-rostock uni-darmstadt
baillot_anne	Anne	Baillot		2024	uni-le-mans
baillot_anne	Anne	Baillot		2017	centre-marc-bloch
berti_monica	Monica	Berti		2024	uni-leipzig
berti_monica	Monica	Berti		2023	uni-leipzig
cap_clemens	Clemens	Cap		2024	uni-rostock
carmo_ines-rebelo-do	Inês Rebelo do	Carmo		2023	uni-lissabon
dennerlein_katrin	Katrin	Dennerlein		2025	uni-wuerzburg
dumont_stefan	Stefan	Dumont		2023	bbaw
dumont_stefan	Stefan	Dumont		2017	bbaw
dumont_stefan	Stefan	Dumont		2018	bbaw
dumont_stefan	Stefan	Dumont		2021	bbaw
dumont_stefan	Stefan	Dumont		2015	bbaw
reichelt_manuela	Manuela	Reichelt		2023	fbn
eggert_anja	Anja	Eggert		2023	fbn
evans_tanya	Tanya	Evans		2020	uni-macquarie
fischer_frank	Frank	Fischer		2015	uni-goettingen
fischer_frank	Frank	Fischer		2016	uni-moskau
fischer_frank	Frank	Fischer		2024	uni-fu-berlin
fischer_frank	Frank	Fischer		2021	uni-fu-berlin dariah
fischer_frank	Frank	Fischer		2019	uni-moskau
gius_evelyn	Evelyn	Gius		2024	uni-darmstadt
gius_evelyn	Evelyn	Gius		2014	uni-hamburg
hall_mark	Mark	Hall		2024	uni-open
henny-krahmer_ulrike	Ulrike	Henny-Krahmer		2017	uni-wuerzburg
henny-krahmer_ulrike	Ulrike	Henny-Krahmer		2022	uni-rostock
henny-krahmer_ulrike	Ulrike	Henny-Krahmer		2023	uni-rostock
henny-krahmer_ulrike	Ulrike	Henny-Krahmer		2025	uni-rostock
herrmann_berenike	Berenike	Herrmann		2023	uni-bielefeld
herrmann_berenike	Berenike	Herrmann		2024	uni-bielefeld
himstedt-vaid_petra	Petra	Himstedt-Vaid		2023	uni-rostock
jettka_daniel	Daniel	Jettka		2023	uni-paderborn
kassner_fabian	Fabian	Kaßner		2023	uni-rostock
kassner_fabian	Fabian	Kaßner		2025	uni-rostock
kellner_nils	Nils	Kellner		2023	uni-rostock
neuefeind_claes	Claes	Neuefeind		2015	uni-koeln
neuefeind_claes	Claes	Neuefeind		2016	uni-koeln
messerschmidt_reinhard	Reinhard	Messerschmidt		2015	uni-koeln
rau_felix	Felix	Rau		2015	uni-koeln
rau_felix	Felix	Rau		2018	uni-koeln
diwersy_sascha	Sascha	Diwersy		2015	uni-koeln
dieckmann_lisa	Lisa	Dieckmann		2022	uni-koeln
dieckmann_lisa	Lisa	Dieckmann		2015	uni-koeln
dieckmann_lisa	Lisa	Dieckmann		2016	uni-koeln
dieckmann_lisa	Lisa	Dieckmann		2018	uni-koeln
fischer_franz	Franz	Fischer		2015	uni-koeln
fischer_franz	Franz	Fischer		2016	uni-koeln
vetter_angila	Angila	Vetter		2023	library-uni-kiel uni-augsburg
vetter_angila	Angila	Vetter		2024	library-uni-kiel uni-augsburg
hoffmann_moritz	Moritz	Hoffmann		2016	self-employment
parina_elena	Elena	Parina		2016	uni-marburg
gengnagel_tessa	Tessa	Gengnagel		2016	uni-koeln
gengnagel_tessa	Tessa	Gengnagel		2021	uni-koeln
gengnagel_tessa	Tessa	Gengnagel		2022	uni-koeln
gengnagel_tessa	Tessa	Gengnagel		2023	cceh
gengnagel_tessa	Tessa	Gengnagel		2024	uni-koeln
elwert_frederik	Frederik	Elwert		2016	uni-bochum
eide_oyvind	Øyvind	Eide		2016	uni-koeln
eide_oyvind	Øyvind	Eide		2024	uni-koeln
geelhaar_tim	Tim	Geelhaar		2017	uni-frankfurt
prager_christian	Christian	Prager		2017	uni-bonn
prager_christian	Christian	Prager		2021	uni-bonn
diederichs_katja	Katja	Diederichs		2017	uni-bonn
diederichs_katja	Katja	Diederichs		2021	uni-bonn
declerck_thierry	Thierry	Declerck		2017	dfki
declerck_thierry	Thierry	Declerck		2022	dfki
daxenberger_johannes	Johannes	Daxenberger		2017	uni-darmstadt
daengeli_peter	Peter	Dängeli		2017	uni-koeln
hodel_tobias	Tobias	Hodel		2017	uni-zuerich
witt_andreas	Andreas	Witt		2017	uni-koeln
witt_andreas	Andreas	Witt		2024	uni-mannheim uni-heidelberg
andrews_tara	Tara	Andrews		2022	uni-wien
andrews_tara	Tara	Andrews		2020	uni-wien
andrews_tara	Tara	Andrews		2021	uni-wien
andrews_tara	Tara	Andrews		2023	uni-wien
kahn_rebecca	Rebecca	Kahn		2021	uni-wien
kahn_rebecca	Rebecca	Kahn		2023	uni-wien
wallnig_thomas	Thomas	Wallnig		2020	uni-wien
wallnig_thomas	Thomas	Wallnig		2021	uni-wien
wallnig_thomas	Thomas	Wallnig		2023	uni-wien
windhager_florian	Florian	Windhager		2020	uni-krems
windhager_florian	Florian	Windhager		2021	uni-wien
windhager_florian	Florian	Windhager		2022	uni-krems
windhager_florian	Florian	Windhager		2023	uni-krems
vogeler_georg	Georg	Vogeler		2023	uni-graz
preiser-kapeller_johannes	Johannes	Preiser-Kapeller		2020	oeaw
preiser-kapeller_johannes	Johannes	Preiser-Kapeller		2022	oeaw
preiser-kapeller_johannes	Johannes	Preiser-Kapeller		2023	oeaw
rastinger_nina	Nina	Rastinger		2024	oeaw
fellner_hannes	Hannes	Fellner		2020	uni-wien
fellner_hannes	Hannes	Fellner		2022	uni-wien
fellner_hannes	Hannes	Fellner		2023	uni-wien
fellner_hannes	Hannes	Fellner		2024	uni-wien
odijk_jan	Jan	Odijk		2015	uni-utrecht
backes_marianne	Marianne	Backes		2015	cvce
arthur_paul	Paul	Arthur		2015	uni-west-sydney
huang_marianne	Marianne	Huang		2015	uni-aarhus
angeletaki_alexandra	Alexandra	Angeletaki		2016	uni-trondheim
ommer_björn	Björn	Ommer		2017	uni-heidelberg
crane_gregory	Gregory	Crane		2017	uni-leipzig uni-tufts
harrower_natalie	Natalie	Harrower		2017	dri ria
edmond_jennifer	Jennifer	Edmond		2021	uni-trinity-dublin dariah
edmond_jennifer	Jennifer	Edmond		2018	uni-trinity-dublin
tulp_jan-willem	Jan Willem	Tulp		2018	tulp
meyer_miriah	Miriah	Meyer		2019	uni-utah
van-erp_marieke	Marieke	van Erp		2019	knaw
romary_laurent	Laurent	Romary		2020	inria
van-hyning_victoria	Marieke	van Erp		2020	uni-maryland-info
hovy_dirk	Dirk	Hovy		2021	uni-bocconi
hovy_dirk	Dirk	Hovy		2022	uni-bocconi
bateman_john	John	Bateman		2021	uni-bremen
kohle_hubertus	Hubertus	Kohle		2021	uni-muenchen
schneider_stefanie	Stefanie	Schneider		2021	uni-muenchen
van-zundert_joris	Joris	van Zundert		2020	huygens-ing
mantoan_diego	Diego	Mantoan		2020	uni-venezia
may_sarah	Sarah	May		2020	uni-swansea
huskey_samuel	Samuel J	Huskey		2020	uni-oklahoma
dutta_abhishek	Abhishek	Dutta		2020	uni-oxford
malaspina_matilde	Matilde	Malaspina		2020	uni-oxford
schich_maximilian	Maximilian	Schich		2022	uni-tallinn
heath_sebastian	Sebastian	Heath		2022	uni-new-york
rogers_richard	Richard	Rogers		2022	uni-amsterdam
rabus_achim	Achim	Rabus		2023	uni-freiburg
rabus_achim	Achim	Rabus		2024	uni-freiburg
tasovac_toma	Toma	Tasovac		2023	dariah
horvath_aliz	Aliz	Horvath		2024	uni-eoetvoes-lorand
priego_ernesto	Ernesto	Priego		2021	uni-london-city
severo_marta	Marta	Severo		2021	uni-paris-nanterre
toth_michael-b	Michael B.	Toth		2021	rbtoth
nevola_fabrizio	Fabrizio	Nevola		2021	uni-exeter
hermens_erma	Erma	Hermens		2021	uni-amsterdam museum-rijks uni-venezia
forte_maurizio	Maurizio	Forte		2021	uni-duke
mancinelli_tiziana	Tiziana	Mancinelli		2021	uni-venezia
kiss_dániel	Dániel	Kiss		2021	uni-barcelona uni-venezia
siemens_ray	Ray	Siemens		2021	uni-victoria
siemens_ray	Ray	Siemens		2018	uni-victoria
siemens_ray	Ray	Siemens		2020	uni-victoria
arbuckle_alyssa	Alyssa	Arbuckle		2021	uni-victoria
dell-unto_nicolo	Nicolò	Dell’Unto		2014	cnr
dell-unto_nicolo	Nicolò	Dell’Unto		2021	uni-lund
bernini_rita	Rita	Bernini		2021	museum-icg
luzon_jose-maria	José María	Luzón		2021	museum-rabasf
misiti_maria-cristina	Maria Cristina	Misiti		2021	self-employment
daquino_marilena	Marilena	Daquino		2021	uni-bologna
gallia_arturo	Arturo	Gallia		2021	uni-roma-tre
pavlopoulos_ioannis	Ioannis (John)	Pavlopoulos		2022	uni-venezia uni-stockholm
gil_tiago-luis	Tiago Luís	Gil		2022	uni-venezia uni-brasilia
camps_jean-baptiste	Jean-Baptiste	Camps		2022	uni-venezia uni-ecole-des-chartes
mcgillivray_barbara	Barbara	McGillivray		2022	uni-london-kcl
berti_paolo	Paolo	Berti		2022	uni-venezia
macchiarelli_agnese	Agnese	Macchiarelli		2022	uni-venezia
danelon_nevio	Nevio	Danelon		2022	uni-duke uni-venezia
danelon_nevio	Nevio	Danelon		2024	uni-rome-sapienza
williams_sean	Sean	Williams		2022	uni-sheffield uni-venezia
dolcetti_francesca	Francesca	Dolcetti		2022	uni-venezia
galeazzo_ludovica	Ludovica	Galeazzo		2023	uni-padua
maietti_federica	Federica	Maietti		2023	uni-ferrara
carbe_emmanuela	Emmanuela	Carbé		2023	uni-siena
bessi_benedetta	Benedetta	Bessi		2023	uni-venezia
algee-hewitt_mark	Mark	Algee-Hewitt		2023	uni-stanford
lenci_alessandro	Alessandro	Lenci		2014	uni-pisa
lenci_alessandro	Alessandro	Lenci		2023	uni-pisa
damiano_rossana	Rossana	Damiano		2023	uni-torino
monachini_monica	Monica	Monachini		2019	ilc
fernández-castrillo_carolina	Carolina	Fernández-Castrillo		2019	uni-venezia uni-madrid
monella_paolo	Paolo	Monella		2019	uni-venezia uni-palermo
campagnolo_alberto	Alberto	Campagnolo		2020	uni-venezia
tomasi_francesca	Francesca	Tomasi		2020	uni-bologna
tonelli_sara	Sara	Tonelli		2020	fbk
corro_elisa	Elisa	Corrò		2020	uni-venezia
corro_elisa	Elisa	Corrò		2024	uni-venezia
fusi_daniele	Daniele	Fusi		2020	uni-venezia
delmonte_rodolfo	Rodolfo	Delmonte		2020	uni-venezia
redmond_marie	Marie	Redmond		2020	uni-venezia
tramelli_barbara	Barbara	Tramelli		2020	uni-venezia
campus_leonardo	Leonardo	Campus		2020	uni-venezia
robinson_peter	Peter	Robinson		2024	uni-saskatchewan uni-venezia
caloi_ilaria	Ilaria	Caloi		2024	uni-venezia
bernardini_federico	Federico	Bernardini		2024	uni-venezia
cauvin_thomas	Thomas	Cauvin		2024	uni-luxemburg
boschetti_federico	Federico	Boschetti		2024	ilc
kloet_jeroen-de	Jeroen	de Kloet		2024	uni-amsterdam
dziekan_vincent	Vincent	Dziekan		2024	uni-monash
madden_amanda	Amanda	Madden		2024	uni-george-mason
rettberg_scott	Scott	Rettberg		2024	uni-bergen
wuebbena_thorsten	Thorsten	Wübbena		2022	ieg-mainz
cremer_fabian	Fabian	Cremer		2018	mws
pujol-tost_laia	Laia	Pujol		2018	uni-york uni-pompeu-fabra
el-khatib_randa	Randa	El Khatib		2018	uni-victoria
sahle_patrick	Patrick	Sahle		2015	uni-koeln
sahle_patrick	Patrick	Sahle		2016	uni-koeln
sahle_patrick	Patrick	Sahle		2017	uni-koeln
sahle_patrick	Patrick	Sahle		2018	uni-koeln
sahle_patrick	Patrick	Sahle		2019	uni-koeln
sahle_patrick	Patrick	Sahle		2021	uni-wuppertal
schulz_sarah	Sarah	Schulz		2018	uni-stuttgart
reiter_nils	Nils	Reiter		2018	uni-stuttgart
reiter_nils	Nils	Reiter		2021	uni-koeln uni-stuttgart
reiter_nils	Nils	Reiter		2017	uni-stuttgart
kirschbaum_jan	Jan	Kirschbaum		2018	uni-duesseldorf
paliou_eleftheria	Eleftheria	Paliou		2018	uni-koeln
paliou_eleftheria	Eleftheria	Paliou		2024	uni-koeln
wikman_thomas	Thomas	Wikman		2018	self-employment
mondaca_francisco	Francisco	Mondaca		2018	uni-koeln
zimmer_sebastian	Sebastian	Zimmer		2018	uni-koeln
zimmer_sebastian	Sebastian	Zimmer		2019	uni-koeln
koenig_mareike	Mareike	König		2019	dhi-paris
koenig_mareike	Mareike	König		2023	dhi-paris
probst_nora	Nora	Probst		2019	uni-koeln
probst_nora	Nora	Probst		2022	uni-paderborn
mertgens_andreas	Andreas	Mertgens		2019	cceh
saef_nasrin	Nasrin	Saef		2019	cceh
blumtritt_jonathan	Jonathan	Blumtritt		2019	uni-koeln
blumtritt_jonathan	Jonathan	Blumtritt		2023	cceh
helling_patrick	Patrick	Helling		2019	uni-koeln
christlein_vincent	Vincent	Christlein		2019	uni-erlangen-nuernberg
chiarcos_christian	Christian	Chiarcos		2019	uni-frankfurt
ionov_maxim	Maxim	Ionov		2019	uni-frankfurt
pierazzo_elena	Elena	Pierazzo		2019	uni-grenoble-alpes
pierazzo_elena	Elena	Pierazzo		2014	uni-grenoble-alpes
huitfeldt_claus	Claus	Huitfeldt		2020	uni-bergen
huitfeldt_claus	Claus	Huitfeldt		2023	uni-bergen
klein_bjoern	Björn	Klein		2020	fh-nordwestschweiz
demmer_dennis	Dennis	Demmer		2020	uni-koeln
hermes_juergen	Jürgen	Hermes		2015	uni-koeln
hermes_juergen	Jürgen	Hermes		2016	uni-koeln
hermes_juergen	Jürgen	Hermes		2020	uni-koeln
palladino_chiara	Chiara	Palladino		2020	uni-furman
karimi_farimah	Farimah	Karimi		2020	uni-koeln
oberste-hetbleck_nadine	Nadine	Oberste-Hetbleck		2020	uni-koeln
bigalke_jan	Jan	Bigalke		2020	uni-koeln
drach_sviatoslav	Sviatoslav	Drach		2020	uni-koeln
pohl_adrian	Adrian	Pohl		2020	library-hbz-nrw
christoph_pascal	Pascal	Christoph		2020	library-hbz-nrw
steeg_fabian	Fabian	Steeg		2020	library-hbz-nrw
kuroczynski_piotr	Piotr	Kuroczynski		2020	fh-mainz
kuroczynski_piotr	Piotr	Kuroczynski		2019	fh-mainz
peters_jens	Jens	Peters		2020	lvr-infokom
guenther_sabine-de	Sabine	de Günther		2021	fh-potsdam
freyberg_linda	Linda	Freyberg		2021	fh-potsdam
cetinoglu_oezlem	Özlem	Çetinoğlu		2021	uni-stuttgart
effinger_maria	Maria	Effinger		2021	library-uni-heidelberg
roewenstrunk_daniel	Daniel	Röwenstrunk		2021	uni-paderborn
busch_hannah	Hannah	Busch		2021	huygens-ing
mischke_britta	Britta	Mischke		2021	uni-koeln
perathoner_marcello	Marcello	Perathoner		2021	uni-koeln
heftberger_adelheid	Adelheid	Heftberger		2021	archive-barch-berlin
binnewitt_johanna	Johanna	Binnewitt		2021	bibb
offert_fabian	Fabian	Offert		2022	uni-sb-california
pagel_janis	Janis	Pagel		2022	uni-koeln
lorenz_andrea	Andrea	Lorenz		2022	uni-hamburg
berg_mia	Mia	Berg		2022	uni-bochum
schrade_torsten	Torsten	Schrade		2022	adw-mainz
popovic_mihailo	Mihailo	Popović		2022	oeaw
koschicek-krombholz_bernhard	Bernhard	Koschiček-Krombholz		2022	oeaw
stede_manfred	Manfred	Stede		2022	uni-potsdam
santos_pedro	Pedro	Santos		2022	fraunhofer-igd
grund_vera	Vera	Grund		2023	uni-paderborn
drewes_henner	Henner	Drewes		2023	uni-paderborn
muenzmay_andreas	Andreas	Münzmay		2023	uni-paderborn
messemer_heike	Heike	Messemer		2023	uni-dresden
schrader_oliver	Oliver	Schrader		2023	cceh
gassmann_sebastian	Sebastian	Gassmann		2023	uni-bonn
sode_claudia	Claudia	Sode		2023	uni-koeln
filosa_martina	Martina	Filosa		2023	uni-koeln
filosa_martina	Martina	Filosa		2024	uni-koeln
sopracasa_alessio	Alessio	Sopracasa		2023	uni-paris-sorbonne
ostrowski_alina	Alina	Ostrowski		2023	uni-passau
horstmann_jan	Jan	Horstmann		2023	uni-muenster
horstmann_jan	Jan	Horstmann		2022	uni-muenster
finlayson_mark	Mark	Finlayson		2023	uni-florida
finlayson_mark	Mark	Finlayson		2022	uni-florida
barabucci_gioele	Gioele	Barabucci		2023	uni-koeln
garozzo_raissa	Raissa	Garozzo		2023	uni-catania
wutte_anja	Anja	Wutte		2023	uni-koeln
schaeben_marcel	Marcel	Schaeben		2023	uni-koeln
politopoulos_aris	Aris	Politopoulos		2023	uni-leiden
iliev_dimitar	Dimitar	Iliev		2023	uni-sofia
ferraz-gerardi_fabricio	Fabrício	Ferraz Gerardi		2023	uni-tuebingen
barreto_bruno	Bruno	Barreto		2023	uni-sao-paolo
schubert_lutz	Lutz	Schubert		2024	uni-koeln
stead_stephen	Stephen	Stead		2024	paveprime-ltd
pruemers_heiko	Heiko	Prümers		2024	dai
lammers_lukas	Lukas	Lammers		2024	uni-koeln dai
simha_vyshantha	Vyshantha	Simha		2024	ibm
downs-tepper_liam	Liam	Downs-Tepper		2024	uni-wien
tharandt_louise	Louise	Tharandt		2021	uni-koeln
tharandt_louise	Louise	Tharandt		2022	uni-koeln
tharandt_louise	Louise	Tharandt		2024	uni-hu-berlin
landeschi_giacomo	Giacomo	Landeschi		2024	uni-lund
oiva_mila	Mila	Oiva		2024	uni-turku
deligio_chris	Chris	Deligio		2024	uni-frankfurt
hameeuw_hendrik	Hendrik	Hameeuw		2025	uni-leuven
schubert_zoe	Zoe	Schubert		2018	uni-koeln
schubert_zoe	Zoe	Schubert		2019	uni-koeln
schubert_zoe	Zoe	Schubert		2025	spk tib
kerig_tim	Tim	Kerig		2025	uni-kiel
ciula_arianna	Arianna	Ciula		2025	uni-london-kcl
nyhan_julianne	Julianne	Nyhan		2022	uni-darmstadt
noback_andreas	Andreas	Noback		2022	uni-darmstadt
gestrich_nicholas	Nicholas	Gestrich		2022	frobenius-institut
lang_ulrich	Ulrich	Lang		2022	uni-koeln
rossberger_elisa	Elisa	Roßberger		2022	uni-fu-berlin
brandsen_alex	Alex	Brandsen		2023	uni-leiden
murrieta-flores_patricia	Patricia	Murrieta-Flores		2020	uni-lancaster
murrieta-flores_patricia	Patricia	Murrieta-Flores		2023	uni-lancaster
valletta_francesco	Francesco	Valletta		2021	uni-jerusalem
mccarty_willard	Willard	McCarty		2021	uni-london-ucl
mccarty_willard	Willard	McCarty		2023	uni-london-kcl
salciute-civiliene_gabriele	Gabriele	Salciute Civiliene		2021	uni-london-ucl
lang_matthias	Matthias	Lang		2021	uni-bonn
olteanu_alin	Alin	Olteanu		2021	uni-aachen
hinz_daniel	Daniel	Hinz		2021	uni-koeln
erdbeer_robert-matthias	Robert Matthias	Erdbeer		2021	uni-muenster
block-berlitz_marco	Marco	Block-Berlitz		2021	htw-dresden
bonderup-dohn_nina	Nina	Bonderup Dohn		2021	uni-southern-denmark
hansen_stig-borsen	Stig Børsen	Hansen		2021	uni-southern-denmark
christensen_inger-marie-falgren	Inger-Marie Falgren	Christensen		2021	uni-southern-denmark
vanautgaerden_alexandre	Alexandre	Vanautgaerden		2022	uni-warwick
papadopoulos_costas	Costas	Papadopoulos		2020	uni-maastrich
papadopoulos_costas	Costas	Papadopoulos		2022	uni-maastrich
barker_elton	Elton	Barker		2020	uni-open
bruhn_kai-christian	Kai-Christian	Bruhn		2020	fh-mainz
reinhard_andrew	Andrew	Reinhard		2020	ans uni-new-york
bieber_jasmin	Jasmin	Bieber		2020	uni-konstanz
bruschke_jonas	Jonas	Bruschke		2020	uni-wuerzburg uni-dresden
kroeber_cindy	Cindy	Kröber		2020	uni-wuerzburg uni-dresden
roche_melanie	Mélanie	Roche		2021	library-bnf
feuser_stefan	Stefan	Feuser		2021	uni-kiel
behnert-brodhun_maximilian	Maximilian	Behnert-Brodhun		2021	uni-goettingen
assmann_jan	Jan	Assmann		2019	uni-konstanz
kenter_jan	Jan	Kenter		2019	uni-bonn
laepke_stefanie	Stefanie	Läpke		2019	uni-bonn
kreppner_florian-janoscha	Florian Janoscha	Kreppner		2019	uni-muenster
povroznik_nadezhda	Nadezhda	Povroznik		2019	uni-perm uni-luxemburg
gomez_veronica-paula	Verónica Paula	Gómez		2019	conicet-santa-fe
mara_hubert	Hubert	Mara		2019	uni-heidelberg
remmy_michael	Michael	Remmy		2020	uni-koeln
hiseni_valentina	Valentina	Hiseni		2020	uni-koeln
kruhl_dominik	Dominik	Kruhl		2020	uni-koeln
theisen_christian	Christian	Theisen		2020	uni-koeln
byszuk_joanna	Joanna	Byszuk		2020	pan
giordano_andrea	Andrea	Giordano		2019	uni-padova
ekström_andreas	Andreas	Ekström		2020	sydsvenskan
sayeed_asad	Asad	Sayeed		2020	uni-gothenburg
granström_helena	Helena	Granström		2020	self-employment
helden_johannes	Johannes	Heldén		2020	self-employment
borin_lars	Lars	Borin		2020	uni-gothenburg
horn_christian	Christian	Horn		2020	uni-gothenburg
lindhe_cecilia	Cecilia	Lindhé		2020	uni-gothenburg
björkin_mats	Mats	Björkin		2020	uni-gothenburg
lamberti_elena	Elena	Lamberti		2020	uni-bologna
liu_ying-hsang	Ying-Hsang	Liu		2021	uni-southern-denmark
donadelli_giovanni	giovanni	donadelli	unknown	2020	uni-padova museum-uni-padova
buzzoni_marina	marina	buzzoni	unknown	2019	uni-venezia
abiven_karine	karine	abiven	unknown	2021	uni-sorbonne
bartz_alexandre	alexandre	bartz	unknown	2021	uni-sorbonne
saignol_come	come	saignol	unknown	2021	uni-sorbonne
borgna_alice	alice	borgna	unknown	2022	uni-piemonte-orientale
da-costa_georges	georges	da-costa	unknown	2022	uni-paul-sabatier
hentschel_frank	frank	hentschel	unknown	2017	uni-koeln
wübbena_thorsten	thorsten	wübbena	unknown	2018	dfk-paris
heusinger_klaus-von	klaus-von	heusinger	unknown	2023	uni-koeln
niknia_massoomeh	massoomeh	niknia	unknown	2024	uni-koeln
hess_mona	mona	hess	unknown	2018	uni-bamberg
kramer_iris	iris	kramer	unknown	2022	archai-ltd
anne_ferger	ferger	anne	unknown	2023	uni-paderborn uni-duisburg-essen
nantke_julia	julia	nantke	unknown	2023	uni-hamburg
roeder_torsten	torsten	roeder	unknown	2023	uni-wuerzburg
bermúdez-sabel_helena	helena	bermúdez-sabel	unknown	2023	uni-neuchatel
krueger_frank	frank	krueger	unknown	2023	fh-wismar
krueger_frank	frank	krueger	unknown	2024	fh-wismar
theise_antje	antje	theise	unknown	2023	library-uni-rostock
schroeder_max	max	schroeder	unknown	2023	uni-rostock
uribe_jorge	jorge	uribe	unknown	2023	uni-eafit
sepulveda_pedro	pedro	sepulveda	unknown	2023	uni-lissabon
labahn_karsten	karsten	labahn	unknown	2023	library-uni-rostock
lemke_marc	marc	lemke	unknown	2023	uni-rostock
meyer_holger	holger	meyer	unknown	2023	uni-rostock
raeder_andy	andy	raeder	unknown	2023	uni-rostock
mueller_caroline	caroline	mueller	unknown	2024	uni-rostock
kostresevic_milan	milan	kostresevic	unknown	2024	uni-rostock
werner_christoph	christoph	werner	unknown	2024	fh-wismar
pilhofer_philipp	philipp	pilhofer	unknown	2024	uni-rostock
wagner_martin	martin	wagner	unknown	2024	uni-rostock
hoeltgen_stefan	stefan	hoeltgen	unknown	2024	fh-heidelberg uni-bonn
schroeter_julian	julian	schroeter	unknown	2024	uni-muenchen
vandewalle_alexander	alexander	vandewalle	unknown	2024	uni-antwerpen uni-gent
spinelli_julian	julian	spinelli	unknown	2024	uni-buenos-aires
veit_torsten	torsten	veit	unknown	2024	uni-greifswald
neovesky_anna	anna	neovesky	unknown	2024	uni-erfurt fh-erfurt
sucharowski_wolfgang	wolfgang	sucharowski	unknown	2024	uni-rostock
kroll_stefan	stefan	kroll	unknown	2024	uni-rostock
poder_johann-christian	johann-christian	poder	unknown	2024	uni-rostock
mende_jana-katharina	jana-katharina	mende	unknown	2025	uni-halle-wittenberg
klammt_anne	anne	klammt	unknown	2023	hait
garces_juan	juan	garces	unknown	2024	library-slub
kronemeijer_redmer	redmer	kronemeijer	unknown	2018	self-employment
fischer_gordon	gordon	fischer	unknown	2021	bbaw
lecroq_axelle	axelle	lecroq	unknown	2021	bbaw
langner_martin	martin	langner	unknown	2021	uni-goettingen
alscher_stefan	stefan	alscher	unknown	2016	uni-stuttgart
vukojevic-haupt_karolina	karolina	vukojevic-haupt	unknown	2017	uni-stuttgart
baumann_martin	martin	baumann	unknown	2018	uni-stuttgart
fleischer_lukas	lukas	fleischer	unknown	2018	uni-stuttgart
borek_luise	luise	borek	unknown	2024	uni-darmstadt
jung_kerstin	kerstin	jung	unknown	2024	uni-stuttgart
ketschik_nora	nora	ketschik	unknown	2024	uni-stuttgart
glawion_anastasia	anastasia	glawion	unknown	2024	uni-erlangen-nuernberg
fritze_christiane	christiane	fritze	unknown	2021	uni-wien
luther_anne	anne	luther	unknown	2022	i4dh
sanchez_joan-andreu	joan-andreu	sanchez	unknown	2022	uni-valencia
pfister_eugen	eugen	pfister	unknown	2023	uni-bern
kato_hiloko	hiloko	kato	unknown	2023	uni-zuerich fh-zuerich
wild_larissa	larissa	wild	unknown	2023	uni-lausanne fh-zuerich
niklas_jedrzej	jedrzej	niklas	unknown	2025	uni-cambridge
ros-munoz_salvador	salvador	ros-munoz	unknown	2024	uni-nacional-de-educacion-a-distancia
